id,titulo,fecha_estreno,idioma_original,voto_promedio,numero_votos,popularidad,overview,generos
912649,Venom: The Last Dance,2024-10-22,en,6.7,1233,12413.089,"Eddie and Venom are on the run. Hunted by both of their worlds and with the net closing in, the duo are forced into a devastating decision that will bring the curtains down on Venom and Eddie's last dance.","28,878,12"
1241982,Moana 2,2024-11-21,en,6.9,436,3983.756,"After receiving an unexpected call from her wayfinding ancestors, Moana journeys alongside Maui and a new crew to the far seas of Oceania and into dangerous, long-lost waters for an adventure unlike anything she's ever faced.","16,12,10751,35"
1035048,Elevation,2024-11-07,en,6.4,128,2332.82,A single father and two women venture from the safety of their homes to face monstrous creatures to save the life of a young boy.,"28,878,53"
974453,Absolution,2024-10-31,en,6.0,121,1601.995,"An aging ex-boxer gangster working as muscle for a Boston crime boss receives an upsetting diagnosis.  Despite a faltering memory, he attempts to rectify the sins of his past and reconnect with his estranged children. He is determined to leave a positive legacy for his grandson, but the criminal underworld isn’t done with him and won’t loosen their grip willingly.","28,80,53"
1182387,Armor,2024-10-30,en,5.6,55,1374.715,"Armored truck security guard James Brody is working with his son Casey transporting millions of dollars between banks when a team of thieves led by Rook orchestrate a takeover of their truck to seize the riches. Following a violent car chase, Rook soon has the armored truck surrounded and James and Casey find themselves cornered onto a decrepit bridge.","28,80,53"
957119,Sidelined: The QB and Me,2024-11-29,en,6.6,60,1150.68,"Dallas, a burdened but headstrong dancer, is determined to get into the best dance school in the country—her late mother’s alma mater. However, that dream is suddenly derailed when the cheeky yet secretly grieving football star, Drayton, crashes into her life with a unique story of his own. Will the two of them be able to grow into their dreams together, or will their dreams be sidelined?","35,10749,10770"
558449,Gladiator II,2024-11-05,en,6.7,1022,1060.198,"Years after witnessing the death of the revered hero Maximus at the hands of his uncle, Lucius is forced to enter the Colosseum after his home is conquered by the tyrannical Emperors who now lead Rome with an iron fist. With rage in his heart and the future of the Empire at stake, Lucius must look to his past to find strength and honor to return the glory of Rome to its people.","28,12,36"
1299652,Watchmen: Chapter II,2024-11-25,en,7.7,46,1231.205,"Suspicious of the events ensnaring their former colleagues, Nite Owl and Silk Spectre are spurred out of retirement to investigate. As they grapple with personal ethics, inner demons and a society turned against them, they race the clock to uncover a deepening plot that might trigger global nuclear war.","16,9648,878,28"
1147416,"Miraculous World, London: At the Edge of Time",2024-11-14,fr,8.6,36,1077.988,"To save the future from a terrible fate, Marinette becomes Chronobug and teams up with Bunnyx to defeat a mysterious opponent who travels through time. Who is this new supervillain, and why are they obsessed with exposing Marinette's secret superhero identity? Marinette's only hope is to defeat her new opponent to prevent the end of Ladybug and time itself!","16,12,28,14"
1184918,The Wild Robot,2024-09-08,en,8.4,3378,982.537,"After a shipwreck, an intelligent robot called Roz is stranded on an uninhabited island. To survive the harsh environment, Roz bonds with the island's animals and cares for an orphaned baby goose.","16,28,878,10751"
402431,Wicked,2024-11-20,en,7.6,495,929.419,"In the land of Oz, ostracized and misunderstood green-skinned Elphaba is forced to share a room with the popular aristocrat Glinda at Shiz University, and the two's unlikely friendship is tested as they begin to fulfill their respective destinies as Glinda the Good and the Wicked Witch of the West.","18,10749,14"
1100782,Smile 2,2024-10-16,en,6.6,897,817.616,"About to embark on a new world tour, global pop sensation Skye Riley begins experiencing increasingly terrifying and inexplicable events. Overwhelmed by the escalating horrors and the pressures of fame, Skye is forced to face her dark past to regain control of her life before it spirals out of control.","27,9648"
1118031,Apocalypse Z: The Beginning of the End,2024-10-04,es,6.9,681,775.07,"When a kind of rabies that transforms people into aggressive creatures spreads across the planet, Manel isolates himself at home with his cat, relying on his wits to survive; but soon they must go out in search of food, by land and by sea, dodging many dangers.","18,28,27"
1034541,Terrifier 3,2024-10-09,en,6.9,1205,797.477,"Five years after surviving Art the Clown's Halloween massacre, Sienna and Jonathan are still struggling to rebuild their shattered lives. As the holiday season approaches, they try to embrace the Christmas spirit and leave the horrors of the past behind. But just when they think they're safe, Art returns, determined to turn their holiday cheer into a new nightmare. The festive season quickly unravels as Art unleashes his twisted brand of terror, proving that no holiday is safe.","27,53"
945961,Alien: Romulus,2024-08-13,en,7.2,2601,787.557,"While scavenging the deep ends of a derelict space station, a group of young space colonizers come face to face with the most terrifying life form in the universe.","27,878"
845781,Red One,2024-10-31,en,6.7,231,862.118,"After Santa Claus (codename: Red One) is kidnapped, the North Pole's Head of Security must team up with the world's most infamous tracker in a globe-trotting, action-packed mission to save Christmas.","28,35,14"
539972,Kraven the Hunter,2024-12-11,en,6.0,7,860.052,"Kraven Kravinoff's complex relationship with his ruthless gangster father, Nikolai, starts him down a path of vengeance with brutal consequences, motivating him to become not only the greatest hunter in the world, but also one of its most feared.","28,12,53"
933260,The Substance,2024-09-07,en,7.3,2505,852.731,"A fading celebrity decides to use a black market drug, a cell-replicating substance that temporarily creates a younger, better version of herself.","27,878"
791042,Levels,2024-11-01,en,5.803,38,642.491,"After witnessing his girlfriend's murder, a man risks everything - including reality itself - to discover the truth.","28,878,53"
533535,Deadpool & Wolverine,2024-07-24,en,7.7,5852,743.706,"A listless Wade Wilson toils away in civilian life with his days as the morally flexible mercenary, Deadpool, behind him. But when his homeworld faces an existential threat, Wade must reluctantly suit-up again with an even more reluctant Wolverine.","28,35,878"
1171640,GTMAX,2024-11-19,fr,6.1,70,626.414,"When a notorious gang of bikers recruits her brother for a heist, a former motocross champion must face her deepest fears to keep her family safe.","28,80,18"
698687,Transformers One,2024-09-11,en,8.1,850,631.346,"The untold origin story of Optimus Prime and Megatron, better known as sworn enemies, but once were friends bonded like brothers who changed the fate of Cybertron forever.","16,878,12,10751"
1252470,Sikandar Ka Muqaddar,2024-11-29,hi,5.4,7,715.356,"After an unsolved diamond heist, a hard-nosed cop’s pursuit of his key suspect turns into obsession, until they finally face each other — and the truth.","53,80,9648,28"
1357633,Solo Leveling -ReAwakening-,2024-11-26,ja,7.9,5,710.409,"Over a decade after 'gates' connecting worlds appeared, awakening 'hunters' with superpowers, weakest hunter Sung Jinwoo encounters a double dungeon and accepts a mysterious quest, becoming the only one able to level up, changing his fate. A catch-up recap of the first season coupled with an exclusive sneak peek of the first two episodes of the highly anticipated second season in one momentous theatrical fan experience.","28,12,14,16"
645757,That Christmas,2024-11-27,en,7.5,79,659.76,It's an unforgettable Christmas for the townsfolk of Wellington-on-Sea when the worst snowstorm in history alters everyone's plans — including Santa's.,"16,35,10751,14,12"
519182,Despicable Me 4,2024-06-20,en,7.076,2284,583.353,"Gru and Lucy and their girls—Margo, Edith and Agnes—welcome a new member to the Gru family, Gru Jr., who is intent on tormenting his dad. Gru also faces a new nemesis in Maxime Le Mal and his femme fatale girlfriend Valentina, forcing the family to go on the run.","16,10751,35,28"
995803,Arena Wars,2024-06-25,en,5.4,31,524.619,"In 2045 convicted criminals are given the opportunity to compete on the world's #1 televised sporting event, Arena Wars. They must survive 7 rooms and 7 of the most vicious killers in the country. If they win, they regain their freedom.","28,878,53,35,27"
1022789,Inside Out 2,2024-06-11,en,7.6,4947,632.136,"Teenager Riley's mind headquarters is undergoing a sudden demolition to make room for something entirely unexpected: new Emotions! Joy, Sadness, Anger, Fear and Disgust, who’ve long been running a successful operation by all accounts, aren’t sure how to feel when Anxiety shows up. And it looks like she’s not alone.","16,12,35,18,10751"
1326059,Pimpinero: Blood and Oil,2024-10-10,es,7.2,31,540.266,"When Juan, a young gasoline smuggler, is forced to work for a mysterious organization in the desert bordering Colombia and Venezuela, his girlfriend Diana embarks on a journey to uncover the secrets that inhabit this no-man’s-land.","28,80,18"
1124641,Classified,2024-09-19,en,5.8,93,482.01,"Operating alone in the field for more than 20 years, a CIA hitman uses the ""Help Wanted"" section of the newspapers to get his orders from the Agency. His long-lost daughter, now a UK MI6 analyst, tracks him down to deliver shocking news: his CIA boss has been dead for years and the division long since shut down. Together, they set out to discover whose orders he's been executing.","28,53"
592983,Spellbound,2024-11-22,en,6.8,135,474.083,"When a powerful spell turns her parents into giant monsters, a teenage princess must journey into the wild to reverse the curse before it's too late.","16,14,10751,12,35"
1165466,Wake Up,2024-05-08,en,7.4,70,405.017,"A group of young activists set out to make an environmental statement by vandalizing a home superstore as it closes. But their plan goes terribly wrong when they become trapped inside and must face a deranged security guard with a gruesome passion for primitive hunting. As the night fills with violence and terror, the teenagers find themselves in a desperate fight for their lives.","27,53,28"
1154223,Hunting With Tigers,2024-11-22,fr,6.2,26,507.542,"Malik, a young Parisian hustler, discovers that his stepfather Serge, a famous bank robber, has been arrested along with his accomplices. During the trial, Iris, one of the accused's lawyers, Chérif, requests Malik to accept a dangerous heist in exchange for Serge and her client's liberty. Malik must convince and reunite Chérif's former partners to accomplish this high-risk stickup.","28,53"
1010581,My Fault,2023-06-08,es,7.917,3095,465.077,"Noah must leave her city, boyfriend, and friends to move into William Leister's mansion, the flashy and wealthy husband of her mother Rafaela. As a proud and independent 17 year old, Noah resists living in a mansion surrounded by luxury. However, it is there where she meets Nick, her new stepbrother, and the clash of their strong personalities becomes evident from the very beginning.","10749,18"
1196470,Survive,2024-06-19,fr,5.9,72,412.992,A couple celebrates their son’s birthday in the middle of the ocean on their boat. A violent storm hits and it brings up hungry creatures from the depths and they fight for their survival.,"53,12,28,878"
1051896,Arcadian,2024-04-12,en,6.127,481,417.317,"In the near future, on a decimated Earth, Paul and his twin sons face terror at night when ferocious creatures awaken. When Paul is nearly killed, the boys come up with a plan for survival, using everything their father taught them to keep him alive.","28,27,53,878"
1029235,Azrael,2024-09-27,en,6.0,144,388.169,"In a world where no one speaks, a devout female hunts down a young woman who has escaped her imprisonment. Recaptured by its ruthless leaders, Azrael is due to be sacrificed to pacify an ancient evil deep within the surrounding wilderness.","28,27,53"
360920,The Grinch,2018-11-08,en,6.864,3948,308.877,The Grinch hatches a scheme to ruin Christmas when the residents of Whoville plan their annual holiday celebration.,"16,10751,35,14"
1108427,Moana,2026-07-09,en,0.0,0,388.363,"In Ancient Polynesia, when a terrible curse incurred by Maui reaches the island of an impetuous Chieftain, his willful daughter answers the Ocean's call to seek out the demigod to set things right.  Live-action adaptation of the 2016 Disney animated film 'Moana'","12,35,10751,14"
1084863,The Soul Eater,2024-04-24,fr,6.2,85,307.261,"When the disappearance of children and bloody murders multiply in a small mountain village, an old legend shrouded in sulphur reappears... Commander Guardiano and Captain of the Gendarmerie De Rolan are forced to join forces to uncover the truth.","53,27,80,9648"
1097870,Dear Santa,2024-11-24,en,6.643,115,439.807,"Likeable 6th grader Liam writes to Santa asking him to prove that he's real. But Liam is dyslexic and accidentally sends his letter to Satan instead, who shows up at Liam's house, excited to have his first fanboy letter and wanting a little of Liam's soul.","35,14"
1106739,Juror #2,2024-10-30,en,7.0,588,421.099,"While serving as a juror in a high profile murder trial, family man Justin Kemp finds himself struggling with a serious moral dilemma…one he could use to sway the jury verdict and potentially convict—or free—the accused killer.","80,18"
1100099,We Live in Time,2024-10-10,en,7.587,195,384.421,"An up-and-coming chef and a recent divorcée find their lives forever changed when a chance encounter brings them together, in a decade-spanning, deeply moving romance.","10749,18"
762509,Mufasa: The Lion King,2024-12-18,en,10.0,1,492.133,"Rafiki relays the legend of Mufasa to lion cub Kiara, daughter of Simba and Nala, with Timon and Pumbaa lending their signature schtick. Told in flashbacks, the story introduces Mufasa as an orphaned cub, lost and alone until he meets a sympathetic lion named Taka—the heir to a royal bloodline. The chance meeting sets in motion a journey of misfits searching for their destiny and working together to evade a threatening and deadly foe.","12,10751,18,16"
1014505,OVERLORD: The Sacred Kingdom,2024-09-20,ja,7.9,22,337.039,"After twelve years of playing his favorite MMORPG game, Momonga logs in for the last time only to find himself transported into its world playing it indefinitely. Throughout his adventures, his avatar ascends to the title of Sorcerer King Ains Ooal Gown. Once prosperous but now on the brink of ruin, The Sacred Kingdom enjoyed years of peace after construction of an enormous wall protecting them from neighboring invasions. But, one day this comes to an end when the Demon Emperor Jaldabaoth arrives with an army of villainous demi-humans. Fearing invasion of their own lands, the neighboring territory of the Slane Theocracy is forced to beg their enemies at the Sorcerer Kingdom for help. Heeding the call, Momonga, now known as the Sorcerer King Ains Ooal Gown, rallies the Sorcerer Kingdom and its undead army to join the fight alongside the Sacred Kingdom and the Slane Theocracy in hopes to defeat the Demon Emperor.","28,12,16,14"
8871,How the Grinch Stole Christmas,2000-11-17,en,6.8,7424,321.348,The Grinch decides to rob Whoville of Christmas - but a dash of kindness from little Cindy Lou Who and her family may be enough to melt his heart...,"10751,35,14"
1100856,Whisper of the Witch,2024-06-13,ru,6.8,12,286.353,"Mara, an ancient pagan spirit, hunts a group of teenagers taking their body parts to be reborn. A disillusioned and desperate investigator has to face his deepest fears to save the teenagers.","27,53"
1331375,Dominique,2024-10-11,en,7.563,72,352.277,"Dominique, a well-trained assassin, flees from her troubled past in an attempt to begin a new life in South America. However, she soon finds herself in a town plagued with violence and corruption. Facing brutal attacks from the police and mafia, Dominique must decide whether to protect herself or an innocent family that has taken her in.","28,53"
1064028,Subservience,2024-08-15,en,6.7,366,370.908,"With his wife out sick, a struggling father brings home a lifelike AI, only to have his self-aware new help want everything her new family has to offer... Like the affection of her owner and she'll kill to get it.","878,53,27"
1252309,Pídeme lo que quieras,2024-11-29,es,8.4,4,372.89,"After his father's death, Eric Zimmerman travels to Spain to oversee his company's branches. In Madrid, he falls for Judith and engage in an intense, erotic relationship full of exploration. However, Eric fears his secret may end their affair.","10749,18"
573435,Bad Boys: Ride or Die,2024-06-05,en,7.485,2421,336.901,"After their late former Captain is framed, Lowrey and Burnett try to clear his name, only to end up on the run themselves.","28,35"
482600,Japanese Mom,2017-02-09,ko,6.2,28,344.802,"""Innocent face, D-cup breasts and perfect intercourse skills! Son, this is not your girlfriend anymore but your mother!""  Ki-ho brings Yuki from Japan to marry her. However, he starts cheating on her with his ex-girlfriend in Korea.  Min-cheol comforted Yuki and thought of her as his daughter-in-law, but one day he realizes he is looking at her as a woman.  In the end, Yuki and Min-cheol have intercourse without Ki-ho knowing...","10749,18"
365177,Borderlands,2024-08-07,en,5.8,850,223.229,"Returning to her home planet, an infamous bounty hunter forms an unexpected alliance with a team of unlikely heroes. Together, they battle monsters and dangerous bandits to protect a young girl who holds the key to unimaginable power.","28,878,35"
1084736,The Count of Monte-Cristo,2024-06-28,fr,8.193,955,360.713,"Edmond Dantes becomes the target of a sinister plot and is arrested on his wedding day for a crime he did not commit. After 14 years in the island prison of Château d’If, he manages a daring escape. Now rich beyond his dreams, he assumes the identity of the Count of Monte-Cristo and exacts his revenge on the three men who betrayed him.","28,12,18,36,10749,53"
772,Home Alone 2: Lost in New York,1992-11-15,en,6.7,9563,303.848,"Instead of flying to Florida with his folks, Kevin ends up alone in New York, where he gets a hotel room with his dad's credit card—despite problems from a clerk and meddling bellboy. But when Kevin runs into his old nemeses, the Wet Bandits, he's determined to foil their plans to rob a toy store on Christmas Eve.","35,10751,12"
639720,IF,2024-05-08,en,7.3,1061,270.989,"After discovering she can see everyone's imaginary friends, a girl embarks on a magical adventure to reconnect forgotten imaginary friends with their kids.","35,14,10751"
823219,Flow,2024-08-29,lv,8.5,365,312.637,"A solitary cat, displaced by a great flood, finds refuge on a boat with various species and must navigate the challenges of adapting to a transformed world together.","16,14,12"
1116490,Cash Out,2024-04-26,en,6.3,137,317.236,"Criminal mastermind Mason is about to execute the score of a lifetime when his lover and key member of his crew, Decker, takes the team down and reveals she’s an undercover Interpol agent. Heartbroken, Mason escapes and retires from the life of crime until his younger brother Shawn is out of his league taking on a big bank heist all on his own. Mason has no choice left but to come to the rescue, while Interpol brings Decker in hoping to unnerve him. Before the SWAT teams storm the bank, Mason must use every tool in his arsenal to not only escape with the prize, but also the love of his life.","28,53"
839033,The Lord of the Rings: The War of the Rohirrim,2024-12-05,en,7.2,20,293.439,"183 years before the events chronicled in the original trilogy, a sudden attack by Wulf, a clever and ruthless Dunlending lord seeking vengeance for the death of his father, forces Helm Hammerhand and his people to make a daring last stand in the ancient stronghold of the Hornburg. Finding herself in an increasingly desperate situation, Héra, the daughter of Helm, must summon the will to lead the resistance against a deadly enemy intent on their total destruction.","16,14"
299536,Avengers: Infinity War,2018-04-25,en,8.2,29796,283.091,"As the Avengers and their allies have continued to protect the world from threats too large for any one hero to handle, a new danger has emerged from the cosmic shadows: Thanos. A despot of intergalactic infamy, his goal is to collect all six Infinity Stones, artifacts of unimaginable power, and use them to inflict his twisted will on all of reality. Everything the Avengers have fought for has led up to this moment - the fate of Earth and existence itself has never been more uncertain.","12,28,878"
580489,Venom: Let There Be Carnage,2021-09-30,en,6.8,10271,371.93,"After finding a host body in investigative reporter Eddie Brock, the alien symbiote must face a new enemy, Carnage, the alter ego of serial killer Cletus Kasady.","878,28,12"
972614,Knox Goes Away,2024-03-15,en,6.9,274,287.115,"A contract killer, after being diagnosed with a fast-moving form of dementia, is presented with the opportunity to redeem himself by saving the life of his estranged adult son. But to do so, he must race against the police closing in on him as well as the ticking clock of his own rapidly deteriorating mind.","80,53,28"
1296753,Remnant,2024-06-30,en,3.3,3,339.852,"Grace is a young woman whose life has been turned upside down by tragedy. When she returns home to the family farm to rebuild her shattered life, her world begins to unravel as a series of strange events haunt her, pushing Grace to the edge of madness. A mysterious figure lurks in the shadows and a ghostly woman appears in the darkness of night. Is Grace imagining these apparitions, or are they a warning of a nightmare still to come?","878,27,53"
354912,Coco,2017-10-27,en,8.209,19517,194.832,"Despite his family’s baffling generations-old ban on music, Miguel dreams of becoming an accomplished musician like his idol, Ernesto de la Cruz. Desperate to prove his talent, Miguel finds himself in the stunning and colorful Land of the Dead following a mysterious chain of events. Along the way, he meets charming trickster Hector, and together, they set off on an extraordinary journey to unlock the real story behind Miguel's family history.","10751,16,10402,12"
978796,Bagman,2024-09-20,en,6.1,108,278.65,"For centuries and across cultures, parents have warned their children of the legendary Bagman, who snatches innocent children and stuffs them into his vile, rotting bag—never to be seen again. Patrick McKee narrowly escaped such an encounter as a boy, which left him with lasting scars throughout his adulthood. Now, Patrick’s childhood tormentor has returned, threatening the safety of his wife Karina and son Jake.","27,53"
957452,The Crow,2024-08-21,en,5.867,795,318.005,"Soulmates Eric and Shelly are brutally murdered when the demons of her dark past catch up with them. Given the chance to save his true love by sacrificing himself, Eric sets out to seek merciless revenge on their killers, traversing the worlds of the living and the dead to put the wrong things right.","28,14,27"
939243,Sonic the Hedgehog 3,2024-12-19,en,0.0,0,314.665,"Sonic, Knuckles, and Tails reunite against a powerful new adversary, Shadow, a mysterious villain with powers unlike anything they have faced before. With their abilities outmatched in every way, Team Sonic must seek out an unlikely alliance in hopes of stopping Shadow and protecting the planet.","12,35,10751,878"
1156593,Culpa tuya,2024-12-26,es,0.0,0,290.939,The love between Noah and Nick seems unwavering despite their parents' attempts to separate them. But his job and her entry into college open up their lives to new relationships that will shake the foundations of both their relationship and the Leister family itself.,"18,10749"
787699,Wonka,2023-12-06,en,7.1,3537,188.765,"Willy Wonka – chock-full of ideas and determined to change the world one delectable bite at a time – is proof that the best things in life begin with a dream, and if you’re lucky enough to meet Willy Wonka, anything is possible.","35,10751,14"
1125510,The Platform 2,2024-09-27,es,5.607,922,269.864,"After a mysterious leader imposes his law in a brutal system of vertical cells, a new arrival battles against a dubious food distribution method.","878,27"
1371727,Sing: Thriller,2024-10-16,en,7.356,118,250.979,"Buster Moon dreams up a star-studded spectacle set to Michael Jackson's ""Thriller"" in this animated short featuring characters from the hit ""Sing"" films.","16,10751,35"
786892,Furiosa: A Mad Max Saga,2024-05-22,en,7.5,3527,251.196,"As the world falls, young Furiosa is snatched from the Green Place of Many Mothers into the hands of a great biker horde led by the warlord Dementus. Sweeping through the wasteland, they encounter the citadel presided over by Immortan Joe. The two tyrants wage war for dominance, and Furiosa must survive many trials as she puts together the means to find her way home.","28,878,12"
569094,Spider-Man: Across the Spider-Verse,2023-05-31,en,8.354,7040,247.084,"After reuniting with Gwen Stacy, Brooklyn’s full-time, friendly neighborhood Spider-Man is catapulted across the Multiverse, where he encounters the Spider Society, a team of Spider-People charged with protecting the Multiverse’s very existence. But when the heroes clash on how to handle a new threat, Miles finds himself pitted against the other Spiders and must set out on his own to save those he loves most.","16,28,12,878"
335983,Venom,2018-09-28,en,6.8,16071,378.783,"Investigative journalist Eddie Brock attempts a comeback following a scandal, but accidentally becomes the host of Venom, a violent, super powerful alien symbiote. Soon, he must rely on his newfound powers to protect the world from a shadowy organization looking for a symbiote of their own.","878,28"
1234811,Our Little Secret,2024-11-27,en,6.347,258,243.409,"After discovering their significant others are siblings, two resentful exes must spend Christmas under one roof — while hiding their romantic history.","10749,35,18"
917496,Beetlejuice Beetlejuice,2024-09-04,en,7.141,1963,253.172,"After a family tragedy, three generations of the Deetz family return home to Winter River. Still haunted by Betelgeuse, Lydia's life is turned upside down when her teenage daughter, Astrid, accidentally opens the portal to the Afterlife.","35,14,27"
259872,Skin. Like. Sun.,2010-02-19,nl,6.523,22,292.846,"Real-life young couple Wim and Floor spend an afternoon in the sunwashed rooms of a crumbling home in Belgium. In a unique twist, this artistic erotic documentary is edited in nearly real-time. In the slowness, we get the build, the sweetness, and the sexiness. Forget about fingersnapping fast editing. Slow is where it’s at.",10749
653346,Kingdom of the Planet of the Apes,2024-05-08,en,7.115,3269,260.812,"Several generations following Caesar's reign, apes – now the dominant species – live harmoniously while humans have been reduced to living in the shadows. As a new tyrannical ape leader builds his empire, one young ape undertakes a harrowing journey that will cause him to question all he's known about the past and to make choices that will define a future for apes and humans alike.","878,12,28"
1355755,An Almost Christmas Story,2024-10-14,en,7.6,28,255.038,"A young owl meets a lost little girl in New York City. Together, they try to get home for Christmas.","16,12,14,10751"
1041317,Battle for the Western Front,2022-10-06,en,5.65,10,236.364,"Inspired by Canuck WWI flying ace Billy Bishop, two young soldiers crash the front lines in August 1918. With the Allies detained, their platoon must desperately hold out alongside legendary Anishinaabe sniper Francis ""Peggy"" Pegahmagabow.",10752
976734,Canary Black,2024-10-10,en,6.4,283,230.556,"Top level CIA agent Avery Graves is blackmailed by terrorists into betraying her own country to save her kidnapped husband. Cut off from her team, she turns to her underworld contacts to survive and help locate the coveted intelligence that the kidnappers want.","28,53,80"
1167271,Weekend in Taipei,2024-09-19,en,6.1,59,403.078,"A former DEA agent and a former undercover operative revisit their romance during a fateful weekend in Taipei, unaware of the dangerous consequences of their past.","28,12,53"
857598,Pushpa 2 - The Rule,2024-12-04,te,6.769,13,284.611,"Pushpa struggles to sustain his sandalwood smuggling business in the face of tough opposition from the police, led by Shekhawat.","80,28,53"
1203236,Nutcrackers,2024-09-05,en,5.723,47,219.714,"Just as Mike is on the heels of closing the biggest deal of his career, he's pulled away from his bachelor life in the big city to a farm in rural Ohio in order to help his recently orphaned nephews find a new home.","35,18"
1011985,Kung Fu Panda 4,2024-03-02,en,7.084,2743,252.518,"Po is gearing up to become the spiritual leader of his Valley of Peace, but also needs someone to take his place as Dragon Warrior. As such, he will train a new kung fu practitioner for the spot and will encounter a villain called the Chameleon who conjures villains from the past.","16,10751,14,28"
1208808,The Haunting Of The Immaculate Nurse,2024-10-31,es,4.3,3,281.12,"A young nurse with a past of family violence starts working the night shift at a small hospital, where during the night a ghost nurse materializes.",27
1138194,Heretic,2024-10-31,en,7.0,168,281.072,"Two young missionaries are forced to prove their faith when they knock on the wrong door and are greeted by a diabolical Mr. Reed, becoming ensnared in his deadly game of cat-and-mouse.","27,53"
1388232,Jack in Time for Christmas,2024-12-02,en,4.8,9,204.957,"Christmas is approaching and Jack Whitehall is racing to get home in time to spend it with his family. Stranded on the other side of the world, he enlists the help of some famous faces and embarks on a far fetched quest across the globe. His cast of celebrity do-gooders includes Jimmy Fallon, Dave Bautista, Rebel Wilson, Tom Davis and Michael Bublé, but will they get him Back In Time For Xmas.","35,12"
889737,Joker: Folie à Deux,2024-10-01,en,5.56,1774,256.497,"While struggling with his dual identity, Arthur Fleck not only stumbles upon true love, but also finds the music that's always been inside him.","18,80,53"
634649,Spider-Man: No Way Home,2021-12-15,en,7.955,20187,216.198,"Peter Parker is unmasked and no longer able to separate his normal life from the high-stakes of being a super-hero. When he asks for help from Doctor Strange the stakes become even more dangerous, forcing him to discover what it truly means to be Spider-Man.","28,12,878"
1287717,Do Not Enter,2024-08-06,es,7.4,86,207.094,"Two working class youtubers ‘in the making’ enter an abandoned mansion to get their basketball back, and get lost inside while pranking each other. They record their ‘quick adventure’ with their phones for their audience, and tweak it with a fake phantom appearance to attract more followers to their YouTube channel. When uploaded the video goes viral, so they start a challenge: if the video reaches a certain number of views, they will enter the house again, at night, alone, totally unprotected. As fans react positively, they will do as promised, not only to discover and unveil the true nature of the place and their inhabitants, but to realize they might not be among the living anymore. Which opens a question - how far would you go to be famous?",27
359410,Road House,2024-03-08,en,6.979,2303,161.732,"Ex-UFC fighter Dalton takes a job as a bouncer at a Florida Keys roadhouse, only to discover that this paradise is not all it seems.","28,53"
1391524,Christmas Is Cancelled,2024-11-29,es,7.0,16,191.048,"Newlyweds Lidia and Manuel face their biggest challenge yet when they bring their wildly different families together for Christmas. As clashing personalities spark both hilarity and tension, their relationship hangs in the balance amidst the holiday chaos.",35
1144962,Transmorphers: Mech Beasts,2023-06-09,en,5.5,30,222.772,"20 years after the events of Transmorphers, a newer, more advanced species of alien robot descends on a rebuilt Earth, threatening once again to destroy the planet.","28,878"
726139,Project Silence,2024-07-11,ko,7.0,251,202.958,"Due to sudden deteriorating weather conditions, visibility on the Airport Bridge is severely impaired, leaving people stranded and at risk of the bridge collapsing due to a series of chain collisions and explosions. Amidst the chaos, the canine subjects ""Echo"" from the military experiment ""Project Silence,"" who were being transported in secret, break free, and all human survivors become targets of relentless attacks.","28,53,27,878"
1149913,TOGEFILM - Mei Mei,2023-04-06,id,10.0,1,294.413,,"18,10749"
1142518,Freedom,2024-11-01,fr,6.6,72,233.139,"Inspired by the true events of one of France's most notorious non-violent robbers, Bruno Sulak, in the 1980s. He led multiple heists, then captured public attention for his many daring escapes from police custody...always to reunite with his beloved lover and accomplice Annie, becoming both France's Public Enemy #1 and an icon of Freedom.","28,10749,18"
592695,Pleasure,2021-10-08,sv,6.227,556,225.95,"19 year old Linnéa leaves her small town in Sweden and heads for Los Angeles with the aim of becoming the world's next big porn star, but the road to her goal turns out to be bumpier than she imagined.",18
799583,The Ministry of Ungentlemanly Warfare,2024-04-18,en,7.1,1206,156.808,"During World War II, the British Army assigns a group of competent soldiers to carry out a mission against the Nazi forces behind enemy lines... A true story about a secret British WWII organization – the Special Operations Executive. Founded by Winston Churchill, their irregular warfare against the Germans helped to change the course of the war, and gave birth to modern black operations.","28,35,10752"
974576,Conclave,2024-10-25,en,7.0,264,217.228,"After the unexpected death of the Pope, Cardinal Lawrence is tasked with managing the covert and ancient ritual of electing a new one. Sequestered in the Vatican with the Catholic Church’s most powerful leaders until the process is complete, Lawrence finds himself at the center of a conspiracy that could lead to its downfall.","53,18"
1159311,My Hero Academia: You're Next,2024-08-02,ja,6.8,63,210.958,"In a society devastated by the effects of an all-out war between heroes and villains, a mysterious giant fortress suddenly appears, engulfing towns and people one after another. Then, a man reminiscent of All Might, the 'symbol of peace', stands in front of Izuku and his friends...","16,28,12,878"
748783,The Garfield Movie,2024-04-30,en,7.1,1113,242.48,"Garfield, the world-famous, Monday-hating, lasagna-loving indoor cat, is about to have a wild outdoor adventure! After an unexpected reunion with his long-lost father – scruffy street cat Vic – Garfield and his canine friend Odie are forced from their perfectly pampered life into joining Vic in a hilarious, high-stakes heist.","16,35,10751,12,28"
568124,Encanto,2021-10-13,en,7.599,9472,147.844,"The tale of an extraordinary family, the Madrigals, who live hidden in the mountains of Colombia, in a magical house, in a vibrant town, in a wondrous, charmed place called an Encanto. The magic of the Encanto has blessed every child in the family—every child except one, Mirabel. But when she discovers that the magic surrounding the Encanto is in danger, Mirabel decides that she, the only ordinary Madrigal, might just be her exceptional family's last hope.","16,35,10751,14"
98,Gladiator,2000-05-04,en,8.2,18836,227.732,"After the death of Emperor Marcus Aurelius, his devious son takes power and demotes Maximus, one of Rome's most capable generals who Marcus preferred. Eventually, Maximus is forced to become a gladiator and battle to the death against other men for the amusement of paying audiences.","28,18,12"
823464,Godzilla x Kong: The New Empire,2024-03-27,en,7.141,3858,210.771,"Following their explosive showdown, Godzilla and Kong must reunite against a colossal undiscovered threat hidden within our world, challenging their very existence – and our own.","28,12,878"
348,Alien,1979-05-25,en,8.2,14789,145.135,"During its return to the earth, commercial spaceship Nostromo intercepts a distress signal from a distant planet. When a three-member team of the crew discovers a chamber containing thousands of eggs on the planet, a creature inside one of the eggs attacks an explorer. The entire crew is unaware of the impending nightmare set to descend upon them when the alien parasite planted inside its unfortunate host is birthed.","27,878"
18785,The Hangover,2009-06-02,en,7.323,16838,143.481,"When three friends finally come to after a raucous night of bachelor-party revelry, they find a baby in the closet and a tiger in the bathroom. But they can't seem to locate their best friend, Doug – who's supposed to be tying the knot. Launching a frantic search for Doug, the trio perseveres through a nasty hangover to try to make it to the church on time.",35
157336,Interstellar,2014-11-05,en,8.444,35765,245.22,The adventures of a group of explorers who make use of a newly discovered wormhole to surpass the limitations on human space travel and conquer the vast distances involved in an interstellar voyage.,"12,18,878"
385687,Fast X,2023-05-17,en,7.076,5608,229.718,"Over many missions and against impossible odds, Dom Toretto and his family have outsmarted, out-nerved and outdriven every foe in their path. Now, they confront the most lethal opponent they've ever faced: A terrifying threat emerging from the shadows of the past who's fueled by blood revenge, and who is determined to shatter this family and destroy everything—and everyone—that Dom loves, forever.","28,80,53"
693134,Dune: Part Two,2024-02-27,en,8.2,5702,233.064,"Follow the mythic journey of Paul Atreides as he unites with Chani and the Fremen while on a path of revenge against the conspirators who destroyed his family. Facing a choice between the love of his life and the fate of the known universe, Paul endeavors to prevent a terrible future only he can foresee.","878,12"
346698,Barbie,2023-07-19,en,7.0,9210,199.965,"Barbie and Ken are having the time of their lives in the colorful and seemingly perfect world of Barbie Land. However, when they get a chance to go to the real world, they soon discover the joys and perils of living among humans.","35,12"
616446,Brothers,2024-10-10,en,6.0,205,170.386,"A reformed criminal's attempt at going straight is derailed when he reunites with his sanity-testing twin brother on a road trip for the score of a lifetime. Dodging bullets, the law, and an overbearing mother along the way, they must heal their severed family bond before they end up killing each other.","28,35,80"
718821,Twisters,2024-07-10,en,6.933,1916,214.627,"As storm season intensifies, the paths of former storm chaser Kate Carter and reckless social-media superstar Tyler Owens collide when terrifying phenomena never seen before are unleashed. The pair and their competing teams find themselves squarely in the paths of multiple storm systems converging over central Oklahoma in the fight of their lives.","53,28"
1079091,It Ends with Us,2024-08-07,en,7.26,1114,229.502,"When a woman's first love suddenly reenters her life, her relationship with a charming, but abusive neurosurgeon is upended, and she realizes she must learn to rely on her own strength to make an impossible choice for her future.","10749,18"
1094974,Take Cover,2024-10-04,en,6.908,71,188.717,A burned-out professional sniper finds himself trapped in an all-glass penthouse by a lethal competitor and must find a way to survive and escape with little to no cover between him and the killer.,"28,53"
1340602,Las tías,2024-08-28,es,6.9,9,229.46,"A mother enters an old home for her autistic daughter's therapy. Unexpectedly, the daughter start speaking but has encountered dark entities from the past seeking payback. The family faces supernatural forces related to the home's history.",27
1354627,SpongeBob Squarepants: Kreepaway Kamp,2024-10-10,en,7.0,59,205.21,"While at Kamp Koral for a reunion, SpongeBob and the gang are stalked by a mysterious figure lurking in the shadows as campers start disappearing one by one!","10770,10751,35,27,16"
1151949,The Shadow Strays,2024-09-10,id,7.4,159,191.855,"Skilled in the art of killing, a young assassin defies her mentor to save a boy from a ruthless crime syndicate — and she'll destroy anyone in her path.","28,80,53"
588555,My Grandfather's Demons,2022-09-21,pt,6.1,7,269.116,"Rosa's life, a highly valued professional, is turned upside down when her grandfather Marcelino dies.","16,18,14"
974950,Emilia Pérez,2024-08-21,fr,7.9,397,219.786,"Rita, an underrated lawyer working for a large law firm more interested in getting criminals out of jail than bringing them to justice, is hired by the leader of a criminal organization.","18,53"
634492,Madame Web,2024-02-14,en,5.442,1961,133.966,"Forced to confront revelations about her past, paramedic Cassandra Webb forges a relationship with three young women destined for powerful futures...if they can all survive a deadly present.","28,14"
1063877,Don't Move,2024-10-24,en,6.4,577,219.244,"A grieving woman in a secluded forest encounters a killer who injects her with a paralytic drug. As her body shuts down, her fight for survival begins.","27,53"
671,Harry Potter and the Philosopher's Stone,2001-11-16,en,7.909,27470,244.032,"Harry Potter has lived under the stairs at his aunt and uncle's house his whole life. But on his 11th birthday, he learns he's a powerful wizard—with a place waiting for him at the Hogwarts School of Witchcraft and Wizardry. As he learns to harness his newfound powers with the help of the school's kindly headmaster, Harry uncovers the truth about his parents' deaths—and about the villain who's to blame.","12,14"
216015,Fifty Shades of Grey,2015-02-11,en,5.884,11749,197.02,"When college senior Anastasia Steele steps in for her sick roommate to interview prominent businessman Christian Grey for their campus paper, little does she realize the path her life will take. Christian, as enigmatic as he is rich and powerful, finds himself strangely drawn to Ana, and she to him. Though sexually inexperienced, Ana plunges headlong into an affair -- and learns that Christian's true sexual proclivities push the boundaries of pain and pleasure.","18,10749,53"
667538,Transformers: Rise of the Beasts,2023-06-06,en,7.287,4634,223.518,"When a new threat capable of destroying the entire planet emerges, Optimus Prime and the Autobots must team up with a powerful faction known as the Maximals. With the fate of humanity hanging in the balance, humans Noah and Elena will do whatever it takes to help the Transformers as they engage in the ultimate battle to save Earth.","878,12,28"
940551,Migration,2023-12-06,en,7.4,1834,209.262,"After a migrating duck family alights on their pond with thrilling tales of far-flung places, the Mallard family embarks on a family road trip, from New England, to New York City, to tropical Jamaica.","16,28,12,35,10751"
1329336,The Bad Guys: Haunted Heist,2024-10-02,en,7.2,90,184.265,The crafty Bad Guys crew embarks on a high-stakes Halloween heist to swipe a priceless amulet from a spooky mansion. What could go wrong?,"16,35"
45890,Moana,2009-11-01,it,6.8,22,128.849,"The life story of Italian iconic pornographic actress Moana Pozzi. The actress Ilona Staller sued the production of the film for the unauthorized use of the character ""Cicciolina"", of which she owned the rights.","18,10770"
829557,365 Days: This Day,2022-04-26,pl,5.9,1541,217.576,"Laura and Massimo are back and hotter than ever. But the reunited couple's new beginning is complicated by Massimo’s family ties and a mysterious man who enters Laura’s life to win her heart and trust, at any cost.","10749,18"
928480,Monster Summer,2024-10-04,en,6.5,40,177.51,"When a mysterious force begins to disrupt their big summer fun, Noah and his friends team up with a retired police detective to embark on a monstrous adventure to save their island.","12,14,9648,27"
646097,Rebel Ridge,2024-08-27,en,7.007,1013,128.34,A former Marine confronts corruption in a small town when local law enforcement unjustly seizes the bag of cash he needs to post his cousin's bail.,"80,28,53,18"
197158,Porno,1981-01-01,pt,4.882,72,148.288,"Three tales of the erotic: Two young ladies experiment with lesbianism, a handsome and wealthy socialite makes a beautiful woman patiently wait to make love to him, and a gorgeous, but controlling and dominating blind woman makes a hunky stud her sexual hostage in her swanky mansion home.","18,27,14,35"
1147710,Hijack 1971,2024-06-21,ko,6.3,77,172.863,"Pilots Tae-in and Gyu-sik are set to fly to Gimpo. Under the guidance of flight attendant Ok-soon, passengers are busy boarding. However, shortly after takeoff, a homemade bomb explodes, turning the cabin into chaos.","28,53,80"
361743,Top Gun: Maverick,2022-05-21,en,8.197,9253,159.895,"After more than thirty years of service as one of the Navy’s top aviators, and dodging the advancement in rank that would ground him, Pete “Maverick” Mitchell finds himself training a detachment of TOP GUN graduates for a specialized mission the likes of which no living pilot has ever seen.","28,18"
1155095,The Moor,2024-06-14,en,4.1,14,292.806,Claire is approached by the father of her murdered childhood friend to help investigate the haunted moor he believes is his son's final resting place.,"27,9648,18"
550,Fight Club,1999-10-15,en,8.4,29480,124.986,"A ticking-time-bomb insomniac and a slippery soap salesman channel primal male aggression into a shocking new form of therapy. Their concept catches on, with underground ""fight clubs"" forming in every town, until an eccentric gets in the way and ignites an out-of-control spiral toward oblivion.",18
762441,A Quiet Place: Day One,2024-06-26,en,6.794,2182,166.787,"As New York City is invaded by alien creatures who hunt by sound, a woman named Sam fights to survive with her cat.","27,878,53"
1288998,1978,2024-10-16,es,6.7,5,166.544,"During the World Cup final between Argentina and Holland, in times of military dictatorship, a group of torturers kidnap a group of young people. What begins as an inhumane interrogation turns into hell: the wrong group has been kidnapped.","27,53,18"
1104844,BLUE LOCK THE MOVIE -EPISODE NAGI-,2024-04-19,ja,7.4,112,185.273,"""That's a hassle."" That was second-year high schooler Nagi Seishirou's favorite phrase as he lived his dull life. Until Mikage Reo, a classmate who dreamed of winning the World Cup, discovered Nagi's hidden skill, inspiring him to play soccer and share his outstanding talent. One day, Nagi Seishiro receives an invitation to the mysterious Blue Lock Project. What awaits him there is an encounter with the finest strikers assembled from across the country. Nagi's dream of becoming the best, alongside Mikage Reo, will take this prodigy to a world he's never known.","16,28,18"
808,Shrek,2001-05-18,en,7.743,17142,281.436,"It ain't easy bein' green -- especially if you're a likable (albeit smelly) ogre named Shrek. On a mission to retrieve a gorgeous princess from the clutches of a fire-breathing dragon, Shrek teams up with an unlikely compatriot -- a wisecracking donkey.","16,35,14,12,10751"
808,Shrek,2001-05-18,en,7.743,17142,281.436,"It ain't easy bein' green -- especially if you're a likable (albeit smelly) ogre named Shrek. On a mission to retrieve a gorgeous princess from the clutches of a fire-breathing dragon, Shrek teams up with an unlikely compatriot -- a wisecracking donkey.","16,35,14,12,10751"
1365044,The Snow Sister,2024-11-28,no,7.0,20,174.794,"A young boy whose grieving family has forgotten about Christmas forms an unexpected, healing bond with a bubbly girl full of holiday spirit.","14,10751,12,18"
1145491,Operation Black Ops,2023-07-11,en,5.55,40,169.261,"A group of mercenaries are hired to overthrow a Neo-Nazi stronghold nestled deep in the heart of Texas, only to discover they are protecting nuclear codes that could ignite World War III.","28,53"
1047373,The Silent Hour,2024-10-03,en,6.3,68,166.836,"While working a case as an interpreter, a hearing-impaired police detective must confront a group of criminals trying to eliminate a deaf murder witness in her apartment building.","80,53,28"
566525,Shang-Chi and the Legend of the Ten Rings,2021-09-01,en,7.544,9417,136.896,Shang-Chi must confront the past he thought he left behind when he is drawn into the web of the mysterious Ten Rings organization.,"28,12,14"
1129598,Prey,2024-03-15,en,6.3,284,170.378,A young couple is compelled to leave their Christian missionary station in the Kalahari Desert after being threatened with death by an extremist militant gang. After crashing their aircraft they must battle man and beast for their lives.,"28,53,27"
475557,Joker,2019-10-01,en,8.145,25783,135.193,"During the 1980s, a failed stand-up comedian is driven insane and turns to a life of crime and chaos in Gotham City while becoming an infamous psychopathic crime figure.","80,53,18"
1328814,Amityville: Where the Echo Lives,2024-10-28,en,6.3,8,152.845,"When paranormal investigator Heather West receives a call from a terrified woman who claims her house is inhabited by a ghost, she discovers the building has a horrifying history. After a presence from beyond our world reaches out to her, Heather begins to feel a pull to the other side of the spirit plane. Can this hunter of specters deliver an innocent soul to a place of peace and discover an eternal truth in time to save her own life?","27,9648"
173705,Female Teacher: In Front of the Students,1982-04-09,ja,6.6,17,169.265,"The lovely Reiko has taken a new teaching job at a creepy old high school.  She is an extremely attractive woman and the young students in her class have fallen for her.  One night, after tennis practice, she is brutally assaulted in the locker room shower by a man with a stocking over his face.  Left on the floor naked and in shock, she discovers a single puzzle piece left behind by the crazed man.  A few days later, a pair of students enact a perverted sexual revenge on Reiko for kicking someone off the tennis team.  Could one of these students be the man who brutalized her in the locker room?  Who owns the strange puzzle piece?  As the mystery unfolds, Reiko must come to terms with her own sexual urges and fate.","18,9648,27"
20352,Despicable Me,2010-07-08,en,7.245,15064,119.982,"Villainous Gru lives up to his reputation as a despicable, deplorable and downright unlikable guy when he hatches a plan to steal the moon from the sky. But he has a tough time staying on task after three orphans land in his care.","16,10751,35"
814889,Never Let Go,2024-09-18,en,6.3,254,168.18,"As an evil takes over the world beyond their front doorstep, the only protection for a mother and her twin sons is their house and their family’s protective bond.","27,18"
1066262,The Convert,2024-03-14,en,6.247,99,151.891,"Munro, a soldier turned lay preacher, comes to New Zealand to minister to the first British colonists, but he is converted by the powerful chief Maianui to serve a different purpose.","28,18"
1079485,Winnie-the-Pooh: Blood and Honey 2,2024-03-26,en,6.141,287,151.077,"Five months following the murders, Christopher Robin struggles to maintain a regular life while dealing with PTSD. However, deep within the 100-Acre-Wood, a destructive rage grows as Pooh, Piglet, Owl, and Tigger find their home and their lives endangered after their existence is revealed.","27,53"
923667,Twilight of the Warriors: Walled In,2024-04-23,cn,6.9,256,151.074,"In 1980s Hong Kong, troubled youth Chan Lok-kwun, a mainland refugee, struggles to survive in the Kowloon Walled City by joining underground fights. Betrayed by crime boss Mr. Big while trying to buy a fake ID, he steals drugs from him and seeks refuge in the Walled City, where he encounters Cyclone, a compassionate yet authoritative crime lord.","28,12,80,53"
156022,The Equalizer,2014-09-24,en,7.281,9030,151.117,"McCall believes he has put his mysterious past behind him and dedicated himself to beginning a new, quiet life. But when he meets Teri, a young girl under the control of ultra-violent Russian gangsters, he can’t stand idly by – he has to help her. Armed with hidden skills that allow him to serve vengeance against anyone who would brutalize the helpless, McCall comes out of his self-imposed retirement and finds his desire for justice reawakened. If someone has a problem, if the odds are stacked against them, if they have nowhere else to turn, McCall will help. He is The Equalizer.","53,28,80"
1216191,Oddity,2024-07-19,en,6.9,284,117.362,"After the brutal murder of her twin sister, Darcy goes after those responsible by using haunted items as her tools for revenge.","27,9648"
293660,Deadpool,2016-02-09,en,7.624,31062,114.248,"The origin story of former Special Forces operative turned mercenary Wade Wilson, who, after being subjected to a rogue experiment that leaves him with accelerated healing powers, adopts the alter ego Deadpool. Armed with his new abilities and a dark, twisted sense of humor, Deadpool hunts down the man who nearly destroyed his life.","28,12,35"
5492,Gunner,2024-08-16,en,5.358,95,131.904,"While on a camping trip in order to reconnect, war veteran Colonel Lee Gunner must save his two sons from a gang of violent bikers when they're kidnapped after accidentally stumbling upon to a massive drug operation.","28,53,80"
929590,Civil War,2024-04-10,en,6.903,2867,157.747,"In the near future, a group of war journalists attempt to survive while reporting the truth as the United States stands on the brink of civil war.","10752,28,18"
940139,Here,2024-10-30,en,6.4,84,149.384,"An odyssey through time and memory, centered around a place in New England where—from wilderness, and then, later, from a home—love, loss, struggle, hope and legacy play out between couples and families over generations.",18
1114513,Speak No Evil,2024-09-11,en,7.333,1025,162.56,"When an American family is invited to spend the weekend at the idyllic country estate of a charming British family they befriended on vacation, what begins as a dream holiday soon warps into a snarled psychological nightmare.","27,53"
19995,Avatar,2009-12-15,en,7.583,31547,122.583,"In the 22nd century, a paraplegic Marine is dispatched to the moon Pandora on a unique mission, but becomes torn between following orders and protecting an alien civilization.","28,12,14,878"
663712,Terrifier 2,2022-10-06,en,6.8,2091,221.321,"A year after the Miles County massacre, Art the Clown is resurrected by a sinister entity. Art returns home, where he must hunt down and destroy teenage Sienna and her younger brother Jonathan on Halloween. As the body count rises, the siblings fight to stay alive while uncovering the true nature of Art's evil intent.","27,53"
287903,Krampus,2015-11-26,en,6.2,2167,143.265,"When his dysfunctional family clashes over the holidays, young Max is disillusioned and turns his back on Christmas.  Little does he know, this lack of festive spirit has unleashed the wrath of Krampus: a demonic force of ancient evil intent on punishing non-believers.","27,35,14"
637649,Wrath of Man,2021-04-22,en,7.6,5301,149.668,"A cold and mysterious new security guard for a Los Angeles cash truck company surprises his co-workers when he unleashes precision skills during a heist. The crew is left wondering who he is and where he came from. Soon, the marksman's ultimate motive becomes clear as he takes dramatic and irrevocable steps to settle a score.","80,28,53"
654028,The Christmas Chronicles: Part Two,2020-11-18,en,6.461,1032,112.739,"Kate Pierce is reluctantly spending Christmas with her mom’s new boyfriend and his son Jack. But when the North Pole and Christmas are threatened to be destroyed, Kate and Jack are unexpectedly pulled into a new adventure with Santa Claus.","10751,14,12,35"
238,The Godfather,1972-03-14,en,8.689,20699,190.434,"Spanning the years 1945 to 1955, a chronicle of the fictional Italian-American Corleone crime family. When organized crime family patriarch, Vito Corleone barely survives an attempt on his life, his youngest son, Michael steps in to take care of the would-be killers, launching a campaign of bloody revenge.","18,80"
791373,Zack Snyder's Justice League,2021-03-18,en,8.1,9988,111.409,"Determined to ensure Superman's ultimate sacrifice was not in vain, Bruce Wayne aligns forces with Diana Prince with plans to recruit a team of metahumans to protect the world from an approaching threat of catastrophic proportions.","28,12,14"
370663,Below Her Mouth,2017-02-10,en,6.8,1181,144.488,An unexpected affair quickly escalates into a heart-stopping reality for two women whose passionate connection changes their lives forever.,"18,10749"
120,The Lord of the Rings: The Fellowship of the Ring,2001-12-18,en,8.416,25239,155.898,"Young hobbit Frodo Baggins, after inheriting a mysterious ring from his uncle Bilbo, must leave his home in order to keep it from falling into the hands of its evil creator. Along the way, a fellowship is formed to protect the ringbearer and make sure that the ring arrives at its final destination: Mt. Doom, the only place where it can be destroyed.","12,14,28"
278,The Shawshank Redemption,1994-09-23,en,8.7,27254,157.766,"Imprisoned in the 1940s for the double murder of his wife and her lover, upstanding banker Andy Dufresne begins a new life at the Shawshank prison, where he puts his accounting skills to work for an amoral warden. During his long stretch in prison, Dufresne comes to be admired by the other inmates -- including an older prisoner named Red -- for his integrity and unquenchable sense of hope.","18,80"
46853,Playing with Love,1977-05-17,it,5.1,76,107.971,"Laura and Fabrizio have been meeting every summer in the forest by her parent's summer home. Fabrizio is a solitary boy with only his dog for company; Laura a sweet but unconfident child. This summer new aspects enter into their story as both are growing up. Laura is falling in love with Fabrizio, while he displays a new sexual awareness of her masked by his malice. Things develop further when they meet Sylvia who, unlike the innocent Laura, is confident and assertive. Fabrizio develops a fascination with her, eventually bribing Laura to fetch her to the forest to join them in play.",18
557,Spider-Man,2002-05-01,en,7.302,19078,123.59,"After being bitten by a genetically altered spider at Oscorp, nerdy but endearing high school student Peter Parker is endowed with amazing powers to become the superhero known as Spider-Man.","28,878"
1225977,Last Night at Terrace Lanes,2024-01-16,en,5.5,4,147.437,"When a bloodthirsty cult invades a bowling alley on its final night of operation, a high schooler on a date from hell, must join forces with her survivalist dad to fend off the crazed murderers.","27,53,35"
673,Harry Potter and the Prisoner of Azkaban,2004-05-31,en,8.016,21573,163.665,"Year three at Hogwarts means new fun and challenges as Harry learns the delicate art of approaching a Hippogriff, transforming shape-shifting Boggarts into hilarity and even turning back time. But the term also brings danger: soul-sucking Dementors hover over the school, an ally of the accursed He-Who-Cannot-Be-Named lurks within the castle walls, and fearsome wizard Sirius Black escapes Azkaban. And Harry will confront them all.","12,14"
1087822,Hellboy: The Crooked Man,2024-08-29,en,5.3,302,142.586,"Hellboy and a rookie BPRD agent get stranded in 1950s rural Appalachia. There, they discover a small community haunted by witches, led by a local devil with a troubling connection to Hellboy's past: the Crooked Man.","14,27,28"
603692,John Wick: Chapter 4,2023-03-22,en,7.73,6579,186.837,"With the price on his head ever increasing, John Wick uncovers a path to defeating The High Table. But before he can earn his freedom, Wick must face off against a new enemy with powerful alliances across the globe and forces that turn old friends into foes.","28,53,80"
299054,Expend4bles,2023-09-15,en,6.2,1536,116.043,"Armed with every weapon they can get their hands on and the skills to use them, The Expendables are the world’s last line of defense and the team that gets called when all other options are off the table. But new team members with new styles and tactics are going to give “new blood” a whole new meaning.","28,12,53"
675353,Sonic the Hedgehog 2,2022-03-30,en,7.497,5001,168.347,"After settling in Green Hills, Sonic is eager to prove he has what it takes to be a true hero. His test comes when Dr. Robotnik returns, this time with a new partner, Knuckles, in search for an emerald that has the power to destroy civilizations. Sonic teams up with his own sidekick, Tails, and together they embark on a globe-trotting journey to find the emerald before it falls into the wrong hands.","28,12,10751,35"
198663,The Maze Runner,2014-09-10,en,7.189,16995,141.329,"Set in a post-apocalyptic world, young Thomas is deposited in a community of boys after his memory is erased, soon learning they're all trapped in a maze that will require him to join forces with fellow “runners” for a shot at escape.","28,9648,878,53"
46195,Rio,2011-04-03,en,6.737,6643,103.618,"Captured by smugglers when he was just a hatchling, a macaw named Blu never learned to fly and lives a happily domesticated life in Minnesota with his human friend, Linda. Blu is thought to be the last of his kind, but when word comes that Jewel, a lone female, lives in Rio de Janeiro, Blu and Linda go to meet her. Animal smugglers kidnap Blu and Jewel, but the pair soon escape and begin a perilous adventure back to freedom -- and Linda.","16,12,35,10751"
947891,My Old Ass,2024-09-13,en,6.7,163,168.076,"An 18th birthday mushroom trip brings free-spirited Elliott face-to-face with her wisecracking 39-year-old self. But when Elliott’s ""old ass"" starts handing out warnings about what her younger self should and shouldn't do, Elliott realizes she has to rethink everything about family, love, and what's becoming a transformative summer.","35,18"
588648,Dragonkeeper,2024-04-11,zh,7.6,149,157.361,"Set in Han Imperial China, the plot follows the adventures of enslaved girl Ping with ancient dragon Long Danzi. Dragons had been banished from the kingdom. Ping, an orphan, finds one of the last remaining dragon eggs. Palace guards force Ping to run away in order to return the dragon egg to the ocean and save all dragons from extinction. Ping discovers that she is a true Dragonkeeper.","28,12,16,10751,14"
562,Die Hard,1988-07-15,en,7.794,11122,102.808,"NYPD cop John McClane's plan to reconcile with his estranged wife is thrown for a serious loop when, minutes after he arrives at her office, the entire building is overtaken by a group of terrorists. With little help from the LAPD, wisecracking McClane sets out to single-handedly rescue the hostages and bring the bad guys down.","28,53"
438631,Dune,2021-09-15,en,7.782,12771,159.808,"Paul Atreides, a brilliant and gifted young man born into a great destiny beyond his understanding, must travel to the most dangerous planet in the universe to ensure the future of his family and his people. As malevolent forces explode into conflict over the planet's exclusive supply of the most precious resource in existence-a commodity capable of unlocking humanity's greatest potential-only those who can conquer their fear will survive.","878,12"
190859,American Sniper,2014-12-25,en,7.4,12816,101.283,"U.S. Navy SEAL Chris Kyle takes his sole mission—protect his comrades—to heart and becomes one of the most lethal snipers in American history. His pinpoint accuracy not only saves countless lives but also makes him a prime target of insurgents. Despite grave danger and his struggle to be a good husband and father to his family back in the States, Kyle serves four tours of duty in Iraq. However, when he finally returns home, he finds that he cannot leave the war behind.","10752,28"
5255,The Polar Express,2004-11-10,en,6.722,6284,131.053,"When a doubting young boy takes an extraordinary train ride to the North Pole, he embarks on a journey of self-discovery that shows him that the wonder of life never fades for those who believe.","16,12,10751,14"
228150,Fury,2014-10-15,en,7.539,11937,138.418,"In the last months of World War II, as the Allies make their final push in the European theatre, a battle-hardened U.S. Army sergeant named 'Wardaddy' commands a Sherman tank called 'Fury' and its five-man crew on a deadly mission behind enemy lines. Outnumbered and outgunned, Wardaddy and his men face overwhelming odds in their heroic attempts to strike at the heart of Nazi Germany.","10752,18,28"
824003,Diabolik - Who Are You?,2023-11-30,it,6.4,113,142.282,"Captured by a ruthless gang of bank robbers, foes Diabolik and Ginko find themselves facing certain death. While Eva Kant and Altea forge an unlikely alliance to rescue their lovers, Diabolik reveals his mysterious past to the Inspector.","80,28"
783110,Smugglers,2023-07-26,ko,6.6,47,124.767,"During the 1970s, in Kunchon, there were women divers who were able to dive without equipment, including two best friends Choon-ja and Jin-sook, Jin-sook's brother and Hammer. They always collected seafood under water for living. But, as fewer factories started to be built near the beach, the women divers started to have trouble with what they were doing for living. Without any choice, the ship crews decided to join the smuggling business in the water to seek a way for their living. But the smuggling business in their village got too big for Jin-sook's family to handle and the peaceful village was gradually broken.","80,28"
809,Shrek 2,2004-05-19,en,7.282,12300,233.614,"Shrek, Fiona, and Donkey set off to Far, Far Away to meet Fiona's mother and father, the Queen and King. But not everyone is happily ever after. Shrek and the King find it difficult to get along, and there's tension in the marriage. The Fairy Godmother discovers that Fiona has married Shrek instead of her son Prince Charming and plots to destroy their marriage.","16,10751,35,14,12,10749"
827931,Time Cut,2024-10-29,en,5.673,350,142.462,"A teen in 2024 accidentally time-travels to 2003, days before a masked killer murders her sister. Can she change the past without destroying the future?","27,878,53"
1147400,"Miraculous World: Paris, Tales of Shadybug and Claw Noir",2023-10-21,fr,7.222,536,156.041,"Miraculous holders from another world appear in Paris. They come from a parallel universe where everything is reversed: the holders of Ladybug and Black Cat Miraculouses, Shadybug and Claw Noir, are the bad guys, and the holder of the Butterfly Miraculous, Hesperia, is a superhero. Ladybug and Cat Noir will have to help Hesperia counter the attacks of their evil doubles and prevent them from seizing the Butterfly's Miraculous. Can our heroes also help Hesperia make Shadybug and Claw Noir better people?","16,12,28,14,10751"
315162,Puss in Boots: The Last Wish,2022-12-07,en,8.221,7808,179.977,"Puss in Boots discovers that his passion for adventure has taken its toll: He has burned through eight of his nine lives, leaving him with only one life left. Puss sets out on an epic journey to find the mythical Last Wish and restore his nine lives.","16,12,14,35,10751"
1154215,Elyas,2024-07-03,fr,6.2,44,172.867,"Elyas, a former Special Forces soldier who has become paranoid since a mission in Afghanistan, is recruited to ensure the safety of Amina and her daughter Nour, 13 years old, both of whom came from the Middle East for the holidays. As he takes office, Elyas senses something is up.","28,53"
592831,Megalopolis,2024-09-25,en,5.5,491,141.497,"Genius artist Cesar Catilina seeks to leap the City of New Rome into a utopian, idealistic future, while his opposition, Mayor Franklyn Cicero, remains committed to a regressive status quo, perpetuating greed, special interests, and partisan warfare. Torn between them is socialite Julia Cicero, the mayor’s daughter, whose love for Cesar has divided her loyalties, forcing her to discover what she truly believes humanity deserves.","878,18"
502356,The Super Mario Bros. Movie,2023-04-05,en,7.642,9200,159.989,"While working underground to fix a water main, Brooklyn plumbers—and brothers—Mario and Luigi are transported down a mysterious pipe and wander into a magical new world. But when the brothers are separated, Mario embarks on an epic quest to find Luigi.","16,10751,12,14,35"
672,Harry Potter and the Chamber of Secrets,2002-11-13,en,7.7,21980,172.921,"Cars fly, trees fight back, and a mysterious house-elf comes to warn Harry Potter at the start of his second year at Hogwarts. Adventure and danger await when bloody writing on a wall announces: The Chamber Of Secrets Has Been Opened. To save Hogwarts will require all of Harry, Ron and Hermione’s magical abilities and courage.","12,14"
1064213,Anora,2024-10-11,en,7.2,346,163.437,"Anora, a young sex worker from Brooklyn, gets her chance at a Cinderella story when she meets and impulsively marries the son of an oligarch. Once the news reaches Russia, her fairytale is threatened as the parents set out for New York to get the marriage annulled.","35,18,10749"
1029281,Strange Darling,2024-08-22,en,7.0,262,136.396,Nothing is what it seems when a twisted one-night stand spirals into a serial killer’s vicious murder spree.,"80,27,53"
